ticker,name,sector,theme,price,price_date,sha_signal,n_stage,A,B,C,n_target,dist_to_C_pct,bb_width_pctile,new_high_60d,techScore,fundScore,chipsScore,volScore,compositeScore,tier,techDetail,fundDetail,chipsDetail,volDetail,status
JPM,JPMorgan,金融,金融龍頭,331.28,2026-10-06,SELL,右腳即將形成★,292.42,340.21,321.95,388.01,2.9,79.0,False,16,24,15,15,70,觀察層-右腳成形中,N理論右腳區,營收YoY 30%、EPS成長 47%,空單佔比 0.9%(低)、機構持股 76%,日均額 2891M、回檔量縮(沉澱),OK
ETN,Eaton,能源/核能,AI電力基礎設施,445.09,2026-10-06,BUY,C-B之間整理,357.25,478.0,384.77,598.75,15.7,57.0,False,24,18,15,15,72,觀察層,SHA=BUY、N結構完整整理中、站上MA20,營收YoY 21%、毛利率 36%,空單佔比 2.0%(低)、機構持股 88%,日均額 876M、回檔量縮(沉澱),OK
AMAT,Applied Materials,半導體,半導體設備,530.27,2026-10-06,BUY,回檔過深-結構弱,396.45,738.88,411.51,1081.31,,81.0,False,16,30,15,8,69,觀察層,SHA=BUY、站上MA20,營收YoY 25%、EPS成長 43%、毛利率 49%,空單佔比 1.8%(低)、機構持股 86%,日均額 2930M,OK
LLY,Eli Lilly,醫療/生技,GLP-1,1157.49,2026-10-06,SELL,回檔過深-結構弱,1077.68,1247.66,1107.56,1417.65,,4.0,False,12,30,15,8,65,觀察層,BB收斂、站上MA20,營收YoY 48%、EPS成長 26%、毛利率 83%,空單佔比 0.8%(低)、機構持股 85%,日均額 2572M,OK
LMT,Lockheed Martin,國防/航太,國防,510.12,2026-10-06,SELL,回檔過深-結構弱,484.16,608.98,498.55,733.81,,28.0,False,0,17,15,8,40,母池追蹤,,營收YoY 10%(低於門檻)、EPS成長 444%,空單佔比 1.2%(低)、機構持股 77%,日均額 619M,OK
ANET,Arista Networks,AI/科技,網通,,2026-10-06,BUY,C-B之間整理,156.84,214.89,181.27,272.94,,0.0,False,28,30,15,0,73,排除-量能不足,SHA=BUY、N結構完整整理中、BB收斂,營收YoY 38%、EPS成長 36%、毛利率 63%,空單佔比 1.3%(低)、機構持股 73%,資料不足,OK
P,Everpure,AI/科技,企業儲存,,2026-10-06,BUY,C-B之間整理,68.23,119.1,89.64,169.97,,0.0,False,28,30,15,0,73,排除-量能不足,SHA=BUY、N結構完整整理中、BB收斂,營收YoY 38%、EPS成長 50%、毛利率 70%,空單佔比 2.9%(低)、機構持股 85%,資料不足,OK
MSFT,Microsoft,AI/科技,雲端,529.3,2026-10-06,BUY,回檔過淺-觀察,376.68,512.76,476.25,648.85,,37.0,True,16,30,15,8,69,排除-波段新高(中後段),SHA=BUY、站上MA20,營收YoY 18%、EPS成長 32%、毛利率 68%,空單佔比 0.9%(低)、機構持股 76%,日均額 11021M,OK
HPE,Hewlett Packard Enterprise,AI/科技,AI伺服器,,2026-10-06,BUY,C-B之間整理,27.2,63.9,40.61,100.61,,0.0,False,28,30,11,0,69,排除-量能不足,SHA=BUY、N結構完整整理中、BB收斂,營收YoY 34%、EPS成長 410%、毛利率 37%,空單佔比 4.8%、機構持股 91%,資料不足,OK
AVGO,Broadcom,半導體,ASIC,375.81,2026-10-06,BUY,破A點-結構失效(空頭),403.43,493.32,335.2,,,18.0,False,14,30,15,8,67,排除-空頭結構,SHA=BUY、⚠N結構失效、BB收斂、站上MA20,營收YoY 86%、EPS成長 215%、毛利率 76%,空單佔比 1.1%(低)、機構持股 80%,日均額 8684M,OK
MU,Micron,半導體,存儲/DRAM,1045.56,2026-10-06,BUY,破A點-結構失效(空頭),990.95,1254.81,737.88,,,20.0,False,14,30,15,8,67,排除-空頭結構,SHA=BUY、⚠N結構失效、BB收斂、站上MA20,營收YoY 379%、EPS成長 1060%、毛利率 81%,空單佔比 2.5%(低)、機構持股 80%,日均額 26116M,OK
GLW,Corning,AI/科技,光纖,168.97,2026-10-06,BUY,破A點-結構失效(空頭),165.69,271.27,114.28,,,9.0,False,14,30,15,8,67,排除-空頭結構,SHA=BUY、⚠N結構失效、BB收斂、站上MA20,營收YoY 17%、EPS成長 18%、毛利率 36%,空單佔比 2.3%(低)、機構持股 75%,日均額 1247M,OK
LRCX,Lam Research,半導體,半導體設備,333.89,2026-10-06,BUY,破A點-結構失效(空頭),361.03,438.03,250.23,,,67.0,False,6,30,15,15,66,排除-空頭結構,SHA=BUY、⚠N結構失效、站上MA20,營收YoY 30%、EPS成長 35%、毛利率 50%,空單佔比 2.3%(低)、機構持股 89%,日均額 2854M、回檔量縮(沉澱),OK
CRWD,CrowdStrike,資安,資安,,2026-10-06,BUY,C-B之間整理,181.24,233.88,200.6,286.52,,0.0,False,28,18,15,0,61,排除-量能不足,SHA=BUY、N結構完整整理中、BB收斂,營收YoY 26%、毛利率 75%,空單佔比 2.8%(低)、機構持股 78%,資料不足,OK
NVDA,NVIDIA,半導體,AI晶片,239.24,2026-10-06,BUY,破A點-結構失效(空頭),194.3,236.0,189.59,,,55.0,True,6,30,15,8,59,排除-波段新高(中後段),SHA=BUY、⚠N結構失效、站上MA20,營收YoY 106%、EPS成長 128%、毛利率 75%,空單佔比 1.3%(低)、機構持股 71%,日均額 24416M,OK
KLAC,KLA,半導體,半導體設備,197.46,2026-10-06,BUY,破A點-結構失效(空頭),234.73,307.02,165.89,,,52.0,False,6,30,15,8,59,排除-空頭結構,SHA=BUY、⚠N結構失效、站上MA20,營收YoY 15%、EPS成長 14%、毛利率 61%,空單佔比 2.0%(低)、機構持股 94%,日均額 1696M,OK
APH,Amphenol,AI/科技,連接器,88.62,2026-10-06,BUY,破A點-結構失效(空頭),77.98,89.12,69.73,,,42.0,True,6,30,15,8,59,排除-波段新高(中後段),SHA=BUY、⚠N結構失效、站上MA20,營收YoY 55%、EPS成長 59%、毛利率 39%,空單佔比 1.5%(低)、機構持股 97%,日均額 1000M,OK
CSCO,Cisco Systems,AI/科技,網通,117.94,2026-10-06,BUY,破A點-結構失效(空頭),112.71,129.38,104.11,,,32.0,False,6,30,15,8,59,排除-空頭結構,SHA=BUY、⚠N結構失效、站上MA20,營收YoY 18%、EPS成長 52%、毛利率 65%,空單佔比 1.5%(低)、機構持股 83%,日均額 2070M,OK
TEL,TE Connectivity,AI/科技,連接器,219.51,2026-10-06,BUY,破A點-結構失效(空頭),189.64,250.61,189.53,,,49.0,True,6,23,11,15,55,排除-波段新高(中後段),SHA=BUY、⚠N結構失效、站上MA20,營收YoY 14%(低於門檻)、EPS成長 19%、毛利率 36%,空單佔比 3.3%、機構持股 99%,日均額 378M、回檔量縮(沉澱),OK
ORCL,Oracle,AI/科技,雲端,144.77,2026-10-06,SELL,破A點-結構失效(空頭),178.18,249.38,114.5,,,18.0,False,2,30,7,15,54,排除-空頭結構,⚠N結構失效、BB收斂、站上MA20,營收YoY 30%、EPS成長 55%、毛利率 64%,空單佔比 2.7%(低),日均額 5062M、回檔量縮(沉澱),OK
PANW,Palo Alto Networks,資安,資安,,2026-10-06,BUY,回檔過深-結構弱,308.54,398.88,321.39,489.22,,0.0,False,20,18,15,0,53,排除-量能不足,SHA=BUY、BB收斂,營收YoY 34%、毛利率 70%,空單佔比 2.7%(低)、機構持股 84%,資料不足,OK
WDC,Western Digital,半導體,存儲,411.04,2026-10-06,SELL,破A點-結構失效(空頭),480.72,799.61,396.57,,,13.0,False,0,30,11,8,49,排除-空頭結構,⚠N結構失效、BB收斂,營收YoY 44%、EPS成長 984%、毛利率 49%,空單佔比 5.4%、機構持股 92%,日均額 3685M,OK
COHR,Coherent Corp,AI/科技,光通訊,338.36,2026-10-06,BUY,破A點-結構失效(空頭),343.51,440.0,220.68,,,37.0,False,6,18,11,8,43,排除-空頭結構,SHA=BUY、⚠N結構失效、站上MA20,營收YoY 34%、毛利率 37%,空單佔比 6.1%、機構持股 88%,日均額 2079M,OK
VRT,Vertiv,AI/科技,AI電力/散熱,,2026-10-06,SELL,破A點-結構失效(空頭),293.75,379.76,220.87,,,0.0,False,0,30,11,0,41,排除-空頭結構,⚠N結構失效、BB收斂,營收YoY 24%、EPS成長 53%、毛利率 38%,空單佔比 3.7%、機構持股 85%,資料不足,OK
RTX,RTX Corp,國防/航太,國防,183.29,2026-10-06,SELL,破A點-結構失效(空頭),189.39,226.41,182.41,,,34.0,False,0,17,15,8,40,排除-空頭結構,⚠N結構失效,營收YoY 14%(低於門檻)、EPS成長 29%,空單佔比 1.0%(低)、機構持股 82%,日均額 765M,OK
BE,Bloom Energy Corporation,能源/核能,AI電力基礎設施,,2026-10-06,BUY,破A點-結構失效(空頭),230.6,351.28,157.33,,,0.0,False,10,18,11,0,39,排除-空頭結構,SHA=BUY、⚠N結構失效、BB收斂,營收YoY 166%、毛利率 32%,空單佔比 7.3%、機構持股 86%,資料不足,OK
CEG,Constellation Energy,能源/核能,核能,,2026-10-06,SELL,無結構,,,,,,0.0,False,8,12,11,0,31,排除-量能不足,BB收斂,營收YoY 23%,空單佔比 3.7%、機構持股 83%,資料不足,OK
VST,Vistra,能源/核能,AI電力,,2026-10-06,SELL,無結構,,,,,,0.0,False,8,6,11,0,25,排除-量能不足,BB收斂,⚠營收YoY -6%、毛利率 38%,空單佔比 3.4%、機構持股 92%,資料不足,OK
